Daily Date,Share Code,Year High (GH¢),Year Low (GH¢),Previous Closing Price - VWAP (GH¢),Opening Price (GH¢),Last Transaction Price (GH¢),Closing Price - VWAP (GH¢),Price Change (GH¢),Closing Bid Price (GH¢),Closing Offer Price (GH¢),Total Shares Traded,Total Value Traded (GH¢)
22/12/2025,**ALW**,0.1,0.1,0.1,0.1,0.1,0.1,0.0,0.0,0.0,0,0
23/12/2025,**ALW**,0.1,0.1,0.1,0.1,0.1,0.1,0.0,0.0,0.0,0,0.0
24/12/2025,**ALW**,0.1,0.1,0.1,0.1,0.1,0.1,0.0,0.0,0.0,0,0.0
19/12/2025,**ALW**,0.1,0.1,0.1,0.1,0.1,0.1,0.0,0.0,0.0,0.00,0.0
18/12/2025,**ALW**,0.1,0.1,0.1,0.1,0.1,0.1,0.0,0.0,0.0,0.00,0.0
30/09/2025,ALW,236.69,23.67,0.0,,0.0,,-0.3166,,,,
18/07/2025,ALW,236.69,23.67,0.0,,0.0,,-0.3166,,,,
16/11/2018,ALW,0.16,0.07,0.08,0.08,0.08,0.08,0.0,0.08,,0.00,
15/11/2018,ALW,0.16,0.07,0.08,0.08,0.08,0.08,0.0,0.08,,0.00,
14/11/2018,ALW,0.16,0.07,0.08,0.08,0.08,0.08,0.0,0.08,,0.00,
13/11/2018,ALW,0.16,0.07,0.08,0.08,0.08,0.08,0.0,0.08,,0.00,
12/11/2018,ALW,0.16,0.07,0.08,0.08,0.08,0.08,0.0,0.08,0.09,0.00,
09/11/2018,ALW,0.16,0.07,0.08,0.08,0.08,0.08,0.0,0.08,,"16,500.00",
08/11/2018,ALW,0.16,0.07,0.08,0.08,0.08,0.08,0.0,0.08,,0.00,
07/11/2018,ALW,0.16,0.07,0.08,0.08,0.08,0.08,0.0,0.08,,0.00,
06/11/2018,ALW,0.16,0.07,0.08,0.08,0.08,0.08,0.0,0.08,,0.00,
05/11/2018,ALW,0.16,0.07,0.08,0.08,0.08,0.08,0.0,0.08,,400.00,
02/11/2018,ALW,0.16,0.07,0.08,0.08,0.08,0.08,0.0,0.08,,0.00,
01/11/2018,ALW,0.16,0.07,0.08,0.08,0.08,0.08,0.0,0.08,,0.00,
31/10/2018,ALW,0.16,0.07,0.08,0.08,0.08,0.08,0.0,0.08,,0.00,
30/10/2018,ALW,0.16,0.07,0.08,0.08,0.08,0.08,0.0,0.08,0.09,0.00,
29/10/2018,ALW,0.16,0.07,0.08,0.08,0.08,0.08,0.0,,,0.00,
26/10/2018,ALW,0.16,0.07,0.08,0.08,0.08,0.08,0.0,0.08,0.09,0.00,
24/10/2018,ALW,0.16,0.07,0.08,0.08,0.08,0.08,0.0,0.08,,0.00,
24/10/2018,ALW,0.16,0.07,0.08,0.08,0.08,0.08,0.0,0.08,,0.00,
23/10/2018,ALW,0.16,0.07,0.08,0.08,0.08,0.08,0.0,0.08,0.09,0.00,
22/10/2018,ALW,0.16,0.07,0.08,0.08,0.08,0.08,0.0,0.09,,0.00,
19/10/2018,ALW,0.16,0.07,0.08,0.08,0.08,0.08,0.0,0.09,,0.00,
18/10/2018,ALW,0.16,0.07,0.08,0.08,0.08,0.08,0.0,0.08,,0.00,
17/10/2018,ALW,0.16,0.07,0.08,0.08,0.08,0.08,0.0,0.08,0.09,0.00,
16/10/2018,ALW,0.16,0.07,0.08,0.08,0.08,0.08,0.0,0.08,,0.00,
15/10/2018,ALW,0.16,0.07,0.08,0.08,0.08,0.08,0.0,0.08,,"1,400.00",
12/10/2018,ALW,0.16,0.07,0.08,0.08,0.08,0.08,0.0,,,0.00,
11/10/2018,ALW,0.16,0.07,0.08,0.08,0.08,0.08,0.0,,,0.00,
10/10/2018,ALW,0.16,0.07,0.08,0.08,0.08,0.08,0.0,,0.07,0.00,
09/10/2018,ALW,0.16,0.07,0.08,0.08,0.08,0.08,0.0,,0.07,0.00,
08/10/2018,ALW,0.16,0.07,0.08,0.08,0.08,0.08,0.0,,0.07,0.00,
05/10/2018,ALW,0.16,0.07,0.08,0.08,0.08,0.08,0.0,0.08,,0.00,
04/10/2018,ALW,0.16,0.07,0.08,0.08,0.08,0.08,0.0,0.08,,0.00,
03/10/2018,ALW,0.16,0.07,0.08,0.08,0.08,0.08,0.0,0.07,,0.00,
02/10/2018,ALW,0.16,0.07,0.08,0.08,0.08,0.08,0.0,0.08,0.09,0.00,
01/10/2018,ALW,0.16,0.07,0.08,0.08,0.08,0.08,0.0,,0.09,0.00,
28/09/2018,ALW,0.16,0.07,0.09,0.09,0.08,0.08,-0.01,0.08,,100.00,
27/09/2018,ALW,0.16,0.07,0.09,0.09,0.09,0.09,0.0,0.08,0.1,0.00,
26/09/2018,ALW,0.16,0.07,0.09,0.09,0.09,0.09,0.0,0.08,,0.00,
25/09/2018,ALW,0.16,0.07,0.09,0.09,0.09,0.09,0.0,0.08,,0.00,
24/09/2018,ALW,0.16,0.07,0.09,0.09,0.09,0.09,0.0,0.09,0.1,0.00,
20/09/2018,ALW,0.16,0.07,0.09,0.09,0.09,0.09,0.0,0.09,,0.00,
19/09/2018,ALW,0.16,0.07,0.09,0.09,0.09,0.09,0.0,0.09,0.1,0.00,
18/09/2018,ALW,0.16,0.07,0.09,0.09,0.09,0.09,0.0,0.09,0.1,"3,600.00",
17/09/2018,ALW,0.16,0.07,0.08,0.08,0.09,0.09,0.01,0.09,,"21,000.00",
14/09/2018,ALW,0.16,0.07,0.08,0.08,0.08,0.08,0.0,0.08,0.09,0.00,
13/09/2018,ALW,0.16,0.07,0.08,0.08,0.08,0.08,0.0,0.08,0.09,0.00,
12/09/2018,ALW,0.16,0.07,0.07,0.07,0.08,0.08,0.01,0.08,,100.00,
11/09/2018,ALW,0.16,0.08,0.08,0.08,0.08,0.08,0.0,0.08,,0.00,
10/09/2018,ALW,0.16,0.08,0.08,0.08,0.08,0.08,0.0,0.08,,0.00,
07/09/2018,ALW,0.16,0.08,0.08,0.08,0.08,0.08,0.0,0.07,,0.00,
06/09/2018,ALW,0.16,0.08,0.08,0.08,0.08,0.08,0.0,,,0.00,
05/09/2018,ALW,0.16,0.08,0.08,0.08,0.08,0.08,0.0,0.07,0.08,0.00,
04/09/2018,ALW,0.16,0.08,0.08,0.08,0.08,0.08,0.0,0.07,,"193,600.00",
03/09/2018,ALW,0.16,0.08,0.08,0.08,0.08,0.08,0.0,0.07,,0.00,
31/08/2018,ALW,0.16,0.08,0.08,0.08,0.08,0.08,0.0,0.07,0.09,0.00,
30/08/2018,ALW,0.16,0.08,0.08,0.08,0.08,0.08,0.0,,0.08,100.00,
29/08/2018,ALW,0.16,0.08,0.08,0.08,0.08,0.08,0.0,,0.08,0.00,
28/08/2018,ALW,0.16,0.08,0.08,0.08,0.08,0.08,0.0,,0.08,0.00,
27/08/2018,ALW,0.16,0.08,0.08,0.08,0.08,0.08,0.0,,0.08,0.00,
24/08/2018,ALW,0.16,0.08,0.08,0.08,0.08,0.08,0.0,,0.08,0.00,
23/08/2018,ALW,0.16,0.08,0.09,0.09,0.08,0.08,-0.01,0.08,0.09,"45,300.00",
22/08/2018,ALW,0.16,0.09,0.09,0.09,0.09,0.09,0.0,,0.09,0.00,
20/08/2018,ALW,0.16,0.09,0.09,0.09,0.09,0.09,0.0,,0.09,0.00,
17/08/2018,ALW,0.16,0.09,0.09,0.09,0.09,0.09,0.0,,0.09,0.00,
16/08/2018,ALW,0.16,0.09,0.09,0.09,0.09,0.09,0.0,,0.09,0.00,
15/08/2018,ALW,0.16,0.09,0.09,0.09,0.09,0.09,0.0,,0.09,0.00,
14/08/2018,ALW,0.16,0.09,0.09,0.09,0.09,0.09,0.0,,0.09,0.00,
13/08/2018,ALW,0.16,0.09,0.09,0.09,0.09,0.09,0.0,,0.09,0.00,
10/08/2018,ALW,0.16,0.09,0.09,0.09,0.09,0.09,0.0,,0.09,0.00,
09/08/2018,ALW,0.16,0.09,0.09,0.09,0.09,0.09,0.0,,0.09,"1,600.00",
08/08/2018,ALW,0.16,0.09,0.09,0.09,0.09,0.09,0.0,,0.09,0.00,
07/08/2018,ALW,0.16,0.09,0.09,0.09,0.09,0.09,0.0,,0.09,0.00,
06/08/2018,ALW,0.16,0.09,0.09,0.09,0.09,0.09,0.0,,0.09,100.00,
03/08/2018,ALW,0.16,0.09,0.09,0.09,0.09,0.09,0.0,,0.09,0.00,
02/08/2018,ALW,0.16,0.09,0.09,0.09,0.09,0.09,0.0,,0.09,0.00,
01/08/2018,ALW,0.16,0.09,0.09,0.09,0.09,0.09,0.0,,0.09,0.00,
31/07/2018,ALW,0.16,0.09,0.09,0.09,0.09,0.09,0.0,,0.09,0.00,
30/07/2018,ALW,0.16,0.09,0.09,0.09,0.09,0.09,0.0,,0.09,100.00,
27/07/2018,ALW,0.16,0.09,0.09,0.09,0.09,0.09,0.0,0.09,,0.00,
26/07/2018,ALW,0.16,0.09,0.09,0.09,0.09,0.09,0.0,,0.09,0.00,
25/07/2018,ALW,0.16,0.09,0.09,0.09,0.09,0.09,0.0,,0.09,0.00,
24/07/2018,ALW,0.16,0.09,0.09,0.09,0.09,0.09,0.0,,0.09,0.00,
23/07/2018,ALW,0.16,0.09,0.09,0.09,0.09,0.09,0.0,,,0.00,
20/07/2018,ALW,0.16,0.09,0.09,0.09,0.09,0.09,0.0,,0.09,0.00,
19/07/2018,ALW,0.16,0.09,0.09,0.09,0.09,0.09,0.0,,0.09,0.00,
18/07/2018,ALW,0.16,0.09,0.09,0.09,0.09,0.09,0.0,,0.09,0.00,
17/07/2018,ALW,0.16,0.09,0.09,0.09,0.09,0.09,0.0,,,0.00,
16/07/2018,ALW,0.16,0.09,0.09,0.09,0.09,0.09,0.0,,,0.00,
13/07/2018,ALW,0.16,0.09,0.09,0.09,0.09,0.09,0.0,,0.09,0.00,
12/07/2018,ALW,0.16,0.09,0.09,0.09,0.09,0.09,0.0,,0.09,0.00,
11/07/2018,ALW,0.16,0.09,0.09,0.09,0.09,0.09,0.0,,0.09,700.00,
10/07/2018,ALW,0.16,0.09,0.09,0.09,0.09,0.09,0.0,,,0.00,
09/07/2018,ALW,0.16,0.09,0.09,0.09,0.09,0.09,0.0,,,0.00,
06/07/2018,ALW,0.16,0.09,0.09,0.09,0.09,0.09,0.0,,,0.00,
05/07/2018,ALW,0.16,0.09,0.09,0.09,0.09,0.09,0.0,,,0.00,
04/07/2018,ALW,0.16,0.09,0.09,0.09,0.09,0.09,0.0,,,0.00,
03/07/2018,ALW,0.16,0.09,0.09,0.09,0.09,0.09,0.0,0.09,,0.00,
29/06/2018,ALW,0.16,0.09,0.09,0.09,0.09,0.09,0.0,,,0.00,
28/06/2018,ALW,0.16,0.09,0.09,0.09,0.09,0.09,0.0,0.09,,0.00,
27/06/2018,ALW,0.16,0.09,0.09,0.09,0.09,0.09,0.0,,,0.00,
26/06/2018,ALW,0.16,0.09,0.09,0.09,0.09,0.09,0.0,,,0.00,
25/06/2018,ALW,0.16,0.09,0.09,0.09,0.09,0.09,0.0,,,0.00,
22/06/2018,ALW,0.16,0.09,0.09,0.09,0.09,0.09,0.0,,,0.00,
21/06/2018,ALW,0.16,0.09,0.09,0.09,0.09,0.09,0.0,,,0.00,
20/06/2018,ALW,0.16,0.09,0.09,0.09,0.09,0.09,0.0,,,0.00,
19/06/2018,ALW,0.16,0.09,0.09,0.09,0.09,0.09,0.0,,,0.00,
18/06/2018,ALW,0.16,0.09,0.09,0.09,0.09,0.09,0.0,,,"2,004,600.00",
14/06/2018,ALW,0.16,0.09,0.09,0.09,0.09,0.09,0.0,,,0.00,
13/06/2018,ALW,0.16,0.09,0.09,0.09,0.09,0.09,0.0,,,0.00,
12/06/2018,ALW,0.16,0.09,0.09,0.09,0.09,0.09,0.0,0.09,,0.00,
11/06/2018,ALW,0.16,0.09,0.09,0.09,0.09,0.09,0.0,,,0.00,
08/06/2018,ALW,0.16,0.09,0.09,0.09,0.09,0.09,0.0,,,0.00,
07/06/2018,ALW,0.16,0.09,0.09,0.09,0.09,0.09,0.0,,0.1,0.00,
06/06/2018,ALW,0.16,0.09,0.09,0.09,0.09,0.09,0.0,0.09,0.1,400.00,
05/06/2018,ALW,0.16,0.08,0.09,0.09,0.09,0.09,0.0,,,"6,100.00",
04/06/2018,ALW,0.16,0.08,0.09,0.09,0.09,0.09,0.0,,0.09,0.00,
01/06/2018,ALW,0.16,0.08,0.09,0.09,0.09,0.09,0.0,,,"46,800.00",
31/05/2018,ALW,0.16,0.08,0.09,0.09,0.09,0.09,0.0,0.08,0.09,0.00,
30/05/2018,ALW,0.16,0.08,0.09,0.09,0.09,0.09,0.0,0.08,0.09,0.00,
29/05/2018,ALW,0.16,0.08,0.09,0.09,0.09,0.09,0.0,0.08,0.09,0.00,
28/05/2018,ALW,0.16,0.08,0.09,0.09,0.09,0.09,0.0,,,0.00,
24/05/2018,ALW,0.16,0.08,0.09,0.09,0.09,0.09,0.0,,,0.00,
23/05/2018,ALW,0.16,0.08,0.09,0.09,0.09,0.09,0.0,0.1,,0.00,
22/05/2018,ALW,0.16,0.08,0.09,0.09,0.09,0.09,0.0,,,0.00,
21/05/2018,ALW,0.16,0.08,0.09,0.09,0.09,0.09,0.0,0.1,,0.00,
18/05/2018,ALW,0.16,0.08,0.09,0.09,0.09,0.09,0.0,,,0.00,
17/05/2018,ALW,0.16,0.08,0.09,0.09,0.09,0.09,0.0,0.09,0.1,0.00,
16/05/2018,ALW,0.16,0.08,0.09,0.09,0.09,0.09,0.0,0.09,,0.00,
15/05/2018,ALW,0.16,0.08,0.08,0.08,0.09,0.09,0.01,0.09,,"5,700.00",
14/05/2018,ALW,0.16,0.08,0.08,0.08,0.08,0.08,0.0,0.09,,0.00,
11/05/2018,ALW,0.16,0.08,0.08,0.08,0.08,0.08,0.0,0.08,,0.00,
10/05/2018,ALW,0.16,0.08,0.08,0.08,0.08,0.08,0.0,0.08,,0.00,
09/05/2018,ALW,0.16,0.08,0.08,0.08,0.08,0.08,0.0,0.08,,0.00,
08/05/2018,ALW,0.16,0.08,0.08,0.08,0.08,0.08,0.0,0.08,,200.00,
07/05/2018,ALW,0.16,0.08,0.08,0.08,0.08,0.08,0.0,0.08,,0.00,
04/05/2018,ALW,0.16,0.08,0.08,0.08,0.08,0.08,0.0,0.07,,"61,700.00",
03/05/2018,ALW,0.16,0.08,0.08,0.08,0.08,0.08,0.0,0.08,,"73,500.00",
02/05/2018,ALW,0.16,0.08,0.08,0.08,0.08,0.08,0.0,0.08,,0.00,
30/04/2018,ALW,0.16,0.08,0.08,0.08,0.08,0.08,0.0,0.08,,0.00,
27/04/2018,ALW,0.16,0.08,0.08,0.08,0.08,0.08,0.0,0.07,0.08,"21,000.00",
26/04/2018,ALW,0.16,0.08,0.08,0.08,0.08,0.08,0.0,0.07,0.08,0.00,
25/04/2018,ALW,0.16,0.08,0.08,0.08,0.08,0.08,0.0,0.07,,0.00,
24/04/2018,ALW,0.16,0.08,0.08,0.08,0.08,0.08,0.0,0.07,0.08,0.00,
23/04/2018,ALW,0.16,0.08,0.08,0.08,0.08,0.08,0.0,0.07,0.08,"1,000.00",
20/04/2018,ALW,0.16,0.08,0.08,0.08,0.08,0.08,0.0,0.07,,0.00,
19/04/2018,ALW,0.16,0.08,0.08,0.08,0.08,0.08,0.0,0.07,,0.00,
18/04/2018,ALW,0.16,0.08,0.08,0.08,0.08,0.08,0.0,0.07,,0.00,
17/04/2018,ALW,0.16,0.08,0.08,0.08,0.08,0.08,0.0,,,0.00,
16/04/2018,ALW,0.16,0.08,0.08,0.08,0.08,0.08,0.0,0.07,0.08,0.00,
13/04/2018,ALW,0.16,0.08,0.08,0.08,0.08,0.08,0.0,0.07,,0.00,
12/04/2018,ALW,0.16,0.08,0.08,0.08,0.08,0.08,0.0,0.07,,0.00,
11/04/2018,ALW,0.16,0.08,0.08,0.08,0.08,0.08,0.0,0.07,0.08,"48,500.00",
10/04/2018,ALW,0.16,0.08,0.08,0.08,0.08,0.08,0.0,0.08,0.09,0.00,
09/04/2018,ALW,0.16,0.08,0.08,0.08,0.08,0.08,0.0,0.07,,0.00,
06/04/2018,ALW,0.16,0.08,0.09,0.09,0.08,0.08,-0.01,0.08,,"2,600.00",
05/04/2018,ALW,0.16,0.09,0.09,0.09,0.09,0.09,0.0,,0.1,"15,700.00",
04/04/2018,ALW,0.16,0.09,0.11,0.11,0.09,0.09,-0.02,0.09,,500.00,
03/04/2018,ALW,0.16,0.11,0.11,0.11,0.11,0.11,0.0,0.09,0.11,0.00,
29/03/2018,ALW,0.16,0.11,0.11,0.11,0.11,0.11,0.0,0.09,,0.00,
28/03/2018,ALW,0.16,0.11,0.11,0.11,0.11,0.11,0.0,0.09,0.11,0.00,
27/03/2018,ALW,0.16,0.11,0.11,0.11,0.11,0.11,0.0,0.09,0.11,0.00,
26/03/2018,ALW,0.16,0.11,0.11,0.11,0.11,0.11,0.0,0.09,0.12,0.00,
23/03/2018,ALW,0.16,0.11,0.13,0.13,0.11,0.11,-0.02,,0.11,400.00,
22/03/2018,ALW,0.16,0.13,0.13,0.13,0.13,0.13,0.0,0.11,0.13,0.00,
21/03/2018,ALW,0.16,0.13,0.13,0.13,0.13,0.13,0.0,0.11,0.13,0.00,
20/03/2018,ALW,0.16,0.13,0.13,0.13,0.13,0.13,0.0,0.11,0.13,0.00,
19/03/2018,ALW,0.16,0.13,0.13,0.13,0.13,0.13,0.0,,0.13,0.00,
16/03/2018,ALW,0.16,0.13,0.13,0.13,0.13,0.13,0.0,,0.13,0.00,
15/03/2018,ALW,0.16,0.13,0.13,0.13,0.13,0.13,0.0,,0.13,0.00,
14/03/2018,ALW,0.16,0.13,0.13,0.13,0.13,0.13,0.0,,0.13,0.00,
13/03/2018,ALW,0.16,0.13,0.13,0.13,0.13,0.13,0.0,,0.13,"1,000.00",
12/03/2018,ALW,0.16,0.13,0.13,0.13,0.13,0.13,0.0,,0.13,0.00,
09/03/2018,ALW,0.16,0.13,0.13,0.13,0.13,0.13,0.0,,0.13,0.00,
08/03/2018,ALW,0.16,0.13,0.13,0.13,0.13,0.13,0.0,,0.14,0.00,
07/03/2018,ALW,0.16,0.13,0.13,0.13,0.13,0.13,0.0,,,0.00,
05/03/2018,ALW,0.16,0.13,0.13,0.13,0.13,0.13,0.0,,0.13,0.00,
02/03/2018,ALW,0.16,0.13,0.13,0.13,0.13,0.13,0.0,,,0.00,
01/03/2018,ALW,0.16,0.13,0.13,0.13,0.13,0.13,0.0,,0.13,0.00,
28/02/2018,ALW,0.16,0.13,0.13,0.13,0.13,0.13,0.0,,0.13,0.00,
27/02/2018,ALW,0.16,0.13,0.13,0.13,0.13,0.13,0.0,,0.13,0.00,
26/02/2018,ALW,0.16,0.13,0.13,0.13,0.13,0.13,0.0,,0.15,0.00,
23/02/2018,ALW,0.16,0.13,0.13,0.13,0.13,0.13,0.0,,0.13,0.00,
22/02/2018,ALW,0.16,0.13,0.13,0.13,0.13,0.13,0.0,,0.13,0.00,
21/02/2018,ALW,0.16,0.13,0.13,0.13,0.13,0.13,0.0,,0.13,0.00,
20/02/2018,ALW,0.16,0.13,0.13,0.13,0.13,0.13,0.0,,0.13,0.00,
19/02/2018,ALW,0.16,0.13,0.13,0.13,0.13,0.13,0.0,,0.13,0.00,
16/02/2018,ALW,0.16,0.13,0.13,0.13,0.13,0.13,0.0,,0.13,"26,500.00",
15/02/2018,ALW,0.16,0.13,0.15,0.15,0.13,0.13,-0.02,,0.13,"25,400.00",
14/02/2018,ALW,0.16,0.15,0.15,0.15,0.15,0.15,0.0,,,0.00,
13/02/2018,ALW,0.16,0.15,0.15,0.15,0.15,0.15,0.0,,0.15,0.00,
12/02/2018,ALW,0.16,0.15,0.15,0.15,0.15,0.15,0.0,,0.15,0.00,
09/02/2018,ALW,0.16,0.15,0.15,0.15,0.15,0.15,0.0,,0.15,0.00,
08/02/2018,ALW,0.16,0.15,0.15,0.15,0.15,0.15,0.0,,0.15,0.00,
07/02/2018,ALW,0.16,0.15,0.15,0.15,0.15,0.15,0.0,,0.16,0.00,
06/02/2018,ALW,0.16,0.15,0.15,0.15,0.15,0.15,0.0,,0.16,"15,000.00",
05/02/2018,ALW,0.16,0.15,0.16,0.16,0.15,0.15,-0.01,0.15,0.16,"12,600.00",
02/02/2018,ALW,0.16,0.16,0.16,0.16,0.16,0.16,0.0,,0.16,0.00,
01/02/2018,ALW,0.16,0.16,0.16,0.16,0.16,0.16,0.0,,0.16,0.00,
31/01/2018,ALW,0.16,0.16,0.16,0.16,0.16,0.16,0.0,,0.16,0.00,
30/01/2018,ALW,0.16,0.16,0.16,0.16,0.16,0.16,0.0,,0.16,"10,000.00",
29/01/2018,ALW,0.16,0.16,0.16,0.16,0.16,0.16,0.0,,0.16,0.00,
26/01/2018,ALW,0.16,0.16,0.16,0.16,0.16,0.16,0.0,,0.16,0.00,
25/01/2018,ALW,0.16,0.16,0.16,0.16,0.16,0.16,0.0,,0.15,0.00,
24/01/2018,ALW,0.16,0.16,0.16,0.16,0.16,0.16,0.0,,0.16,0.00,
23/01/2018,ALW,0.16,0.16,0.16,0.16,0.16,0.16,0.0,,0.16,0.00,
22/01/2018,ALW,0.16,0.16,0.16,0.16,0.16,0.16,0.0,,0.16,0.00,
19/01/2018,ALW,0.16,0.16,0.16,0.16,0.16,0.16,0.0,,0.16,0.00,
18/01/2018,ALW,0.16,0.16,0.16,0.16,0.16,0.16,0.0,,0.16,0.00,
17/01/2018,ALW,0.16,0.16,0.16,0.16,0.16,0.16,0.0,,0.16,0.00,
16/01/2018,ALW,0.16,0.16,0.16,0.16,0.16,0.16,0.0,,0.16,0.00,
15/01/2018,ALW,0.16,0.16,0.16,0.16,0.16,0.16,0.0,,0.16,0.00,
12/01/2018,ALW,0.16,0.16,0.16,0.16,0.16,0.16,0.0,,0.16,0.00,
11/01/2018,ALW,0.16,0.16,0.16,0.16,0.16,0.16,0.0,,0.16,0.00,
10/01/2018,ALW,0.16,0.16,0.16,0.16,0.16,0.16,0.0,,0.1,0.00,
09/01/2018,ALW,0.16,0.16,0.16,0.16,0.16,0.16,0.0,,0.16,0.00,
08/01/2018,ALW,0.16,0.16,0.16,0.16,0.16,0.16,0.0,,0.16,0.00,
05/01/2018,ALW,0.16,0.16,0.16,0.16,0.16,0.16,0.0,,0.16,0.00,
04/01/2018,ALW,0.16,0.16,0.16,0.16,0.16,0.16,0.0,,0.16,0.00,
03/01/2018,ALW,0.16,0.16,0.16,0.16,0.16,0.16,0.0,,0.16,0.00,
02/01/2018,ALW,0.16,0.16,0.16,0.16,0.16,0.16,0.0,,,0.00,
29/12/2017,ALW,0.17,0.14,0.16,0.16,0.16,0.16,0.0,,0.16,0.00,
28/12/2017,ALW,0.17,0.14,0.16,0.16,0.16,0.16,0.0,,0.16,0.00,
27/12/2017,ALW,0.17,0.14,0.16,0.16,0.16,0.16,0.0,,0.16,0.00,
21/12/2017,ALW,0.17,0.14,0.16,0.16,0.16,0.16,0.0,,0.16,0.00,
21/12/2017,ALW,0.17,0.14,0.16,0.16,0.16,0.16,0.0,,0.16,0.00,
20/12/2017,ALW,0.17,0.14,0.16,0.16,0.16,0.16,0.0,,0.16,0.00,
19/12/2017,ALW,0.17,0.14,0.16,0.16,0.16,0.16,0.0,,,0.00,
18/12/2017,ALW,0.17,0.14,0.16,0.16,0.16,0.16,0.0,,0.16,0.00,
15/12/2017,ALW,0.17,0.14,0.16,0.16,0.16,0.16,0.0,,0.16,0.00,
14/12/2017,ALW,0.17,0.14,0.16,0.16,0.16,0.16,0.0,,0.16,0.00,
13/12/2017,ALW,0.17,0.14,0.16,0.16,0.16,0.16,0.0,,,0.00,
12/12/2017,ALW,0.17,0.14,0.16,0.16,0.16,0.16,0.0,,,0.00,
11/12/2017,ALW,0.17,0.14,0.16,0.16,0.16,0.16,0.0,,,0.00,
08/12/2017,ALW,0.17,0.14,0.16,0.16,0.16,0.16,0.0,,,0.00,
07/12/2017,ALW,0.17,0.14,0.16,0.16,0.16,0.16,0.0,,,0.00,
06/12/2017,ALW,0.17,0.14,0.16,0.16,0.16,0.16,0.0,,,0.00,
05/12/2017,ALW,0.17,0.14,0.16,0.16,0.16,0.16,0.0,,,0.00,
04/12/2017,ALW,0.17,0.14,0.16,0.16,0.16,0.16,0.0,,,0.00,
30/11/2017,ALW,0.17,0.14,0.16,0.16,0.16,0.16,0.0,,,0.00,
29/11/2017,ALW,0.17,0.14,0.16,0.16,0.16,0.16,0.0,,,0.00,
28/11/2017,ALW,0.17,0.14,0.16,0.16,0.16,0.16,0.0,,0.15,0.00,
27/11/2017,ALW,0.17,0.14,0.16,0.16,0.16,0.16,0.0,,,0.00,
24/11/2017,ALW,0.17,0.14,0.16,0.16,0.16,0.16,0.0,,,0.00,
23/11/2017,ALW,0.17,0.14,0.16,0.16,0.16,0.16,0.0,,,0.00,
22/11/2017,ALW,0.17,0.14,0.16,0.16,0.16,0.16,0.0,,0.16,0.00,
21/11/2017,ALW,0.17,0.14,0.16,0.16,0.16,0.16,0.0,,,"512,700.00",
20/11/2017,ALW,0.17,0.14,0.16,0.16,0.16,0.16,0.0,,0.16,0.00,
17/11/2017,ALW,0.17,0.14,0.16,0.16,0.16,0.16,0.0,,0.16,0.00,
16/11/2017,ALW,0.17,0.14,0.16,0.16,0.16,0.16,0.0,,0.16,0.00,
15/11/2017,ALW,0.17,0.14,0.16,0.16,0.16,0.16,0.0,,0.16,0.00,
14/11/2017,ALW,0.17,0.14,0.16,0.16,0.16,0.16,0.0,,0.16,0.00,
13/11/2017,ALW,0.17,0.14,0.16,0.16,0.16,0.16,0.0,,0.16,0.00,
10/11/2017,ALW,0.17,0.14,0.16,0.16,0.16,0.16,0.0,,0.16,300.00,
09/11/2017,ALW,0.17,0.14,0.16,0.16,0.16,0.16,0.0,,0.16,"1,800.00",
08/11/2017,ALW,0.17,0.14,0.16,0.16,0.16,0.16,0.0,,,100.00,
07/11/2017,ALW,0.17,0.14,0.16,0.16,0.16,0.16,0.0,,,0.00,
06/11/2017,ALW,0.17,0.14,0.16,0.16,0.16,0.16,0.0,,,0.00,
03/11/2017,ALW,0.17,0.14,0.16,0.16,0.16,0.16,0.0,,0.16,0.00,
02/11/2017,ALW,0.17,0.14,0.16,0.16,0.16,0.16,0.0,,,0.00,
01/11/2017,ALW,0.17,0.14,0.16,0.16,0.16,0.16,0.0,,,0.00,
31/10/2017,ALW,0.17,0.14,0.16,0.16,0.16,0.16,0.0,,,0.00,
30/10/2017,ALW,0.17,0.14,0.16,0.16,0.16,0.16,0.0,,,0.00,
27/10/2017,ALW,0.17,0.14,0.16,0.16,0.16,0.16,0.0,,,0.00,
26/10/2017,ALW,0.17,0.14,0.16,0.16,0.16,0.16,0.0,,,0.00,
25/10/2017,ALW,0.17,0.14,0.16,0.16,0.16,0.16,0.0,,,0.00,
24/10/2017,ALW,0.17,0.14,0.16,0.16,0.16,0.16,0.0,,,0.00,
23/10/2017,ALW,0.17,0.14,0.16,0.16,0.16,0.16,0.0,,,0.00,
20/10/2017,ALW,0.17,0.14,0.16,0.16,0.16,0.16,0.0,,,0.00,
19/10/2017,ALW,0.17,0.14,0.16,0.16,0.16,0.16,0.0,,,0.00,
18/10/2017,ALW,0.17,0.14,0.16,0.16,0.16,0.16,0.0,,0.16,0.00,
17/10/2017,ALW,0.17,0.14,0.16,0.16,0.16,0.16,0.0,,0.16,"1,000.00",
16/10/2017,ALW,0.17,0.14,0.16,0.16,0.16,0.16,0.0,,0.16,0.00,
13/10/2017,ALW,0.17,0.14,0.16,0.16,0.16,0.16,0.0,,,0.00,
12/10/2017,ALW,0.17,0.14,0.16,0.16,0.16,0.16,0.0,,,"20,000.00",
11/10/2017,ALW,0.17,0.14,0.16,0.16,0.16,0.16,0.0,,0.16,800.00,
10/10/2017,ALW,0.17,0.14,0.16,0.16,0.16,0.16,0.0,,,"20,000.00",
09/10/2017,ALW,0.17,0.14,0.16,0.16,0.16,0.16,0.0,,0.27,0.00,
06/10/2017,ALW,0.17,0.14,0.16,0.16,0.16,0.16,0.0,0.16,0.17,"1,100.00",
05/10/2017,ALW,0.17,0.14,0.16,0.16,0.16,0.16,0.0,0.16,0.17,400.00,
04/10/2017,ALW,0.17,0.14,0.16,0.16,0.16,0.16,0.0,0.16,0.17,0.00,
03/10/2017,ALW,0.17,0.14,0.16,0.16,0.16,0.16,0.0,0.16,0.17,0.00,
02/10/2017,ALW,0.17,0.14,0.16,0.16,0.16,0.16,0.0,,,0.00,
29/09/2017,ALW,0.17,0.14,0.16,0.16,0.16,0.16,0.0,0.16,0.17,0.00,
28/09/2017,ALW,0.17,0.14,0.16,0.16,0.16,0.16,0.0,0.16,0.17,0.00,
27/09/2017,ALW,0.17,0.14,0.16,0.16,0.16,0.16,0.0,0.16,,0.00,
26/09/2017,ALW,0.17,0.14,0.16,0.16,0.16,0.16,0.0,0.16,,100.00,
25/09/2017,ALW,0.17,0.14,0.16,0.16,0.16,0.16,0.0,0.16,0.17,0.00,
22/09/2017,ALW,0.17,0.14,0.16,0.16,0.16,0.16,0.0,0.16,,0.00,
20/09/2017,ALW,0.17,0.14,0.16,0.16,0.16,0.16,0.0,0.16,,0.00,
19/09/2017,ALW,0.17,0.14,0.16,0.16,0.16,0.16,0.0,0.16,,"15,000.00",
18/09/2017,ALW,0.17,0.14,0.16,0.16,0.16,0.16,0.0,0.16,,0.00,
15/09/2017,ALW,0.17,0.14,0.16,0.16,0.16,0.16,0.0,0.16,,0.00,
14/09/2017,ALW,0.17,0.14,0.16,0.16,0.16,0.16,0.0,0.16,,0.00,
13/09/2017,ALW,0.17,0.14,0.16,0.16,0.16,0.16,0.0,0.16,,0.00,
12/09/2017,ALW,0.17,0.14,0.16,0.16,0.16,0.16,0.0,0.16,,"1,000.00",
11/09/2017,ALW,0.17,0.14,0.16,0.16,0.16,0.16,0.0,0.16,,0.00,
08/09/2017,ALW,0.17,0.14,0.16,0.16,0.16,0.16,0.0,0.16,,0.00,
07/09/2017,ALW,0.17,0.14,0.16,0.16,0.16,0.16,0.0,0.16,,0.00,
06/09/2017,ALW,0.17,0.14,0.16,0.16,0.16,0.16,0.0,0.16,,0.00,
05/09/2017,ALW,0.17,0.14,0.16,0.16,0.16,0.16,0.0,,,0.00,
04/09/2017,ALW,0.17,0.14,0.16,0.16,0.16,0.16,0.0,,,0.00,
31/08/2017,ALW,0.17,0.14,0.16,0.16,0.16,0.16,0.0,,,"150,000.00",
30/08/2017,ALW,0.17,0.14,0.16,0.16,0.16,0.16,0.0,0.16,,"19,900.00",
29/08/2017,ALW,0.17,0.14,0.16,0.16,0.16,0.16,0.0,0.16,0.18,0.00,
28/08/2017,ALW,0.17,0.14,0.16,0.16,0.16,0.16,0.0,0.16,0.17,0.00,
25/08/2017,ALW,0.17,0.14,0.16,0.16,0.16,0.16,0.0,0.16,0.18,0.00,
24/08/2017,ALW,0.17,0.14,0.16,0.16,0.16,0.16,0.0,0.16,0.18,0.00,
23/08/2017,ALW,0.17,0.14,0.16,0.16,0.16,0.16,0.0,0.16,0.17,"19,900.00",
22/08/2017,ALW,0.17,0.14,0.17,0.17,0.16,0.16,-0.01,0.16,0.17,"14,000.00",
21/08/2017,ALW,0.17,0.14,0.17,0.17,0.17,0.17,0.0,0.16,0.17,0.00,
18/08/2017,ALW,0.17,0.14,0.17,0.17,0.17,0.17,0.0,0.16,0.17,0.00,
17/08/2017,ALW,0.17,0.14,0.17,0.17,0.17,0.17,0.0,0.16,0.17,"5,800.00",
16/08/2017,ALW,0.17,0.14,0.16,0.16,0.17,0.17,0.01,0.16,0.17,100.00,
15/08/2017,ALW,0.16,0.14,0.16,0.16,0.16,0.16,0.0,0.16,0.18,0.00,
14/08/2017,ALW,0.16,0.14,0.16,0.16,0.16,0.16,0.0,0.16,0.18,0.00,
11/08/2017,ALW,0.16,0.14,0.16,0.16,0.16,0.16,0.0,0.16,0.18,400.00,
10/08/2017,ALW,0.16,0.14,0.16,0.16,0.16,0.16,0.0,0.16,,0.00,
09/08/2017,ALW,0.16,0.14,0.16,0.16,0.16,0.16,0.0,,,0.00,
08/08/2017,ALW,0.16,0.14,0.16,0.16,0.16,0.16,0.0,0.16,,0.00,
07/08/2017,ALW,0.16,0.14,0.16,0.16,0.16,0.16,0.0,0.16,,0.00,
04/08/2017,ALW,0.16,0.14,0.16,0.16,0.16,0.16,0.0,0.16,,0.00,
03/08/2017,ALW,0.16,0.14,0.16,0.16,0.16,0.16,0.0,0.16,,0.00,
02/08/2017,ALW,0.16,0.14,0.16,0.16,0.16,0.16,0.0,0.16,,0.00,
01/08/2017,ALW,0.16,0.14,0.16,0.16,0.16,0.16,0.0,0.16,,100.00,
31/07/2017,ALW,0.16,0.14,0.16,0.16,0.16,0.16,0.0,0.16,,100.00,
28/07/2017,ALW,0.16,0.14,0.16,0.16,0.16,0.16,0.0,0.16,,0.00,
27/07/2017,ALW,0.16,0.14,0.16,0.16,0.16,0.16,0.0,0.16,,"14,900.00",
26/07/2017,ALW,0.16,0.14,0.16,0.16,0.16,0.16,0.0,0.16,,"1,200.00",
25/07/2017,ALW,0.16,0.14,0.16,0.16,0.16,0.16,0.0,0.16,,200.00,
24/07/2017,ALW,0.16,0.14,0.16,0.16,0.16,0.16,0.0,0.16,,0.00,
21/07/2017,ALW,0.16,0.14,0.16,0.16,0.16,0.16,0.0,0.16,,0.00,
20/07/2017,ALW,0.16,0.14,0.16,0.16,0.16,0.16,0.0,0.16,,0.00,
19/07/2017,ALW,0.16,0.14,0.16,0.16,0.16,0.16,0.0,0.16,,0.00,
18/07/2017,ALW,0.16,0.14,0.16,0.16,0.16,0.16,0.0,0.16,,0.00,
17/07/2017,ALW,0.16,0.14,0.16,0.16,0.16,0.16,0.0,0.16,,0.00,
14/07/2017,ALW,0.16,0.14,0.16,0.16,0.16,0.16,0.0,0.16,,0.00,
13/07/2017,ALW,0.16,0.14,0.16,0.16,0.16,0.16,0.0,0.16,,0.00,
12/07/2017,ALW,0.16,0.14,0.16,0.16,0.16,0.16,0.0,0.16,,0.00,
11/07/2017,ALW,0.16,0.14,0.16,0.16,0.16,0.16,0.0,0.15,,0.00,
10/07/2017,ALW,0.16,0.14,0.16,0.16,0.16,0.16,0.0,0.14,,0.00,
07/07/2017,ALW,0.16,0.14,0.16,0.16,0.16,0.16,0.0,0.14,,0.00,
06/07/2017,ALW,0.16,0.14,0.16,0.16,0.16,0.16,0.0,0.16,,"18,900.00",
05/07/2017,ALW,0.16,0.14,0.16,0.16,0.16,0.16,0.0,,0.16,0.00,
04/07/2017,ALW,0.16,0.14,0.16,0.16,0.16,0.16,0.0,,0.16,0.00,
30/06/2017,ALW,0.16,0.14,0.16,0.16,0.16,0.16,0.0,0.16,,0.00,
29/06/2017,ALW,0.16,0.14,0.16,0.16,0.16,0.16,0.0,0.16,,0.00,
28/06/2017,ALW,0.16,0.14,0.16,0.16,0.16,0.16,0.0,0.15,,0.00,
27/06/2017,ALW,0.16,0.14,0.16,0.16,0.16,0.16,0.0,0.16,,0.00,
23/06/2017,ALW,0.16,0.14,0.16,0.16,0.16,0.16,0.0,0.15,0.16,0.00,
22/06/2017,ALW,0.16,0.14,0.16,0.16,0.16,0.16,0.0,0.14,,0.00,
21/06/2017,ALW,0.16,0.14,0.16,0.16,0.16,0.16,0.0,0.14,,0.00,
20/06/2017,ALW,0.16,0.14,0.16,0.16,0.16,0.16,0.0,0.14,,0.00,
19/06/2017,ALW,0.16,0.14,0.16,0.16,0.16,0.16,0.0,,,0.00,
16/06/2017,ALW,0.16,0.14,0.16,0.16,0.16,0.16,0.0,,,0.00,
15/06/2017,ALW,0.16,0.14,0.15,0.15,0.16,0.16,0.01,0.14,,"106,800.00",
14/06/2017,ALW,0.16,0.14,0.15,0.15,0.15,0.15,0.0,,0.16,0.00,
13/06/2017,ALW,0.16,0.14,0.15,0.15,0.15,0.15,0.0,0.15,0.17,"8,500.00",
12/06/2017,ALW,0.16,0.14,0.15,0.15,0.15,0.15,0.0,0.15,,0.00,
09/06/2017,ALW,0.16,0.14,0.15,0.15,0.15,0.15,0.0,0.14,,0.00,
08/06/2017,ALW,0.16,0.14,0.15,0.15,0.15,0.15,0.0,0.14,,0.00,
07/06/2017,ALW,0.16,0.14,0.15,0.15,0.15,0.15,0.0,0.14,,0.00,
06/06/2017,ALW,0.16,0.14,0.15,0.15,0.15,0.15,0.0,0.15,,0.00,
05/06/2017,ALW,0.16,0.14,0.15,0.15,0.15,0.15,0.0,,,0.00,
02/06/2017,ALW,0.16,0.14,0.15,0.15,0.15,0.15,0.0,0.15,0.16,0.00,
01/06/2017,ALW,0.16,0.14,0.15,0.15,0.15,0.15,0.0,0.15,,0.00,
31/05/2017,ALW,0.16,0.14,0.15,0.15,0.15,0.15,0.0,0.15,,0.00,
30/05/2017,ALW,0.16,0.14,0.15,0.15,0.15,0.15,0.0,0.15,,0.00,
29/05/2017,ALW,0.16,0.14,0.15,0.15,0.15,0.15,0.0,0.15,,0.00,
26/05/2017,ALW,0.16,0.14,0.15,0.15,0.15,0.15,0.0,0.15,,0.00,
24/05/2017,ALW,0.16,0.14,0.15,0.15,0.15,0.15,0.0,0.15,,"9,000.00",
23/05/2017,ALW,0.16,0.14,0.15,0.15,0.15,0.15,0.0,0.15,,0.00,
22/05/2017,ALW,0.16,0.14,0.15,0.15,0.15,0.15,0.0,0.15,,0.00,
19/05/2017,ALW,0.16,0.14,0.15,0.15,0.15,0.15,0.0,0.15,,0.00,
18/05/2017,ALW,0.16,0.14,0.15,0.15,0.15,0.15,0.0,0.15,,0.00,
17/05/2017,ALW,0.16,0.14,0.15,0.15,0.15,0.15,0.0,0.15,,"10,000.00",
16/05/2017,ALW,0.16,0.14,0.15,0.15,0.15,0.15,0.0,0.15,,0.00,
15/05/2017,ALW,0.16,0.14,0.15,0.15,0.15,0.15,0.0,0.15,0.16,0.00,
12/05/2017,ALW,0.16,0.14,0.15,0.15,0.15,0.15,0.0,0.15,0.16,100.00,
11/05/2017,ALW,0.16,0.14,0.15,0.15,0.15,0.15,0.0,0.15,0.16,0.00,
10/05/2017,ALW,0.16,0.14,0.15,0.15,0.15,0.15,0.0,0.15,,600.00,
09/05/2017,ALW,0.16,0.14,0.16,0.16,0.15,0.15,-0.01,0.15,,"36,000.00",
08/05/2017,ALW,0.16,0.14,0.16,0.16,0.16,0.16,0.0,0.14,0.16,0.00,
05/05/2017,ALW,0.16,0.14,0.16,0.16,0.16,0.16,0.0,0.14,0.16,0.00,
04/05/2017,ALW,0.16,0.14,0.16,0.16,0.16,0.16,0.0,0.14,0.16,0.00,
03/05/2017,ALW,0.16,0.14,0.14,0.14,0.16,0.16,0.02,0.14,0.16,800.00,
02/05/2017,ALW,0.15,0.14,0.14,0.14,0.14,0.14,0.0,0.14,0.16,0.00,
28/04/2017,ALW,0.15,0.14,0.14,0.14,0.14,0.14,0.0,0.14,0.16,0.00,
27/04/2017,ALW,0.15,0.14,0.14,0.14,0.14,0.14,0.0,0.14,0.16,0.00,
26/04/2017,ALW,0.15,0.14,0.14,0.14,0.14,0.14,0.0,0.14,0.16,0.00,
25/04/2017,ALW,0.15,0.14,0.14,0.14,0.14,0.14,0.0,0.14,0.16,"45,600.00",
24/04/2017,ALW,0.15,0.14,0.14,0.14,0.14,0.14,0.0,,0.16,0.00,
21/04/2017,ALW,0.15,0.14,0.14,0.14,0.14,0.14,0.0,,0.16,0.00,
20/04/2017,ALW,0.15,0.14,0.14,0.14,0.14,0.14,0.0,,0.16,0.00,
19/04/2017,ALW,0.15,0.14,0.14,0.14,0.14,0.14,0.0,0.14,0.16,0.00,
18/04/2017,ALW,0.15,0.14,0.14,0.14,0.14,0.14,0.0,0.14,0.16,0.00,
13/04/2017,ALW,0.15,0.14,0.14,0.14,0.14,0.14,0.0,,0.16,0.00,
12/04/2017,ALW,0.15,0.14,0.14,0.14,0.14,0.14,0.0,0.14,0.16,0.00,
11/04/2017,ALW,0.15,0.14,0.14,0.14,0.14,0.14,0.0,,0.16,"1,000,000.00",
10/04/2017,ALW,0.15,0.14,0.14,0.14,0.14,0.14,0.0,0.14,0.16,0.00,
07/04/2017,ALW,0.15,0.14,0.14,0.14,0.14,0.14,0.0,0.14,0.16,0.00,
06/04/2017,ALW,0.15,0.14,0.14,0.14,0.14,0.14,0.0,0.14,0.16,0.00,
05/04/2017,ALW,0.15,0.14,0.14,0.14,0.14,0.14,0.0,,,0.00,
04/04/2017,ALW,0.15,0.14,0.14,0.14,0.14,0.14,0.0,,0.16,0.00,
03/04/2017,ALW,0.15,0.14,0.14,0.14,0.14,0.14,0.0,0.14,0.16,0.00,
31/03/2017,ALW,0.15,0.14,0.14,0.14,0.14,0.14,0.0,,0.16,0.00,
30/03/2017,ALW,0.15,0.14,0.14,0.14,0.14,0.14,0.0,0.14,0.16,"5,100.00",
29/03/2017,ALW,0.15,0.14,0.14,0.14,0.14,0.14,0.0,0.14,0.15,0.00,
28/03/2017,ALW,0.15,0.14,0.14,0.14,0.14,0.14,0.0,,0.15,0.00,
27/03/2017,ALW,0.15,0.14,0.14,0.14,0.14,0.14,0.0,,0.15,0.00,
24/03/2017,ALW,0.15,0.14,0.14,0.14,0.14,0.14,0.0,,0.15,0.00,
23/03/2017,ALW,0.15,0.14,0.14,0.14,0.14,0.14,0.0,,0.15,0.00,
22/03/2017,ALW,0.15,0.14,0.14,0.14,0.14,0.14,0.0,,0.15,0.00,
21/03/2017,ALW,0.15,0.14,0.15,0.15,0.14,0.14,-0.01,,0.15,"60,300.00",
20/03/2017,ALW,0.15,0.14,0.15,0.15,0.14,0.15,0.0,0.14,0.15,0.00,
17/03/2017,ALW,0.15,0.14,0.15,0.15,0.14,0.15,0.0,0.14,0.15,0.00,
16/03/2017,ALW,0.15,0.14,0.15,0.15,0.14,0.15,0.0,0.14,0.15,0.00,
15/03/2017,ALW,0.15,0.14,0.15,0.15,0.14,0.15,0.0,0.14,0.15,0.00,
14/03/2017,ALW,0.15,0.14,0.15,0.15,0.14,0.15,0.0,0.14,0.15,0.00,
13/03/2017,ALW,0.15,0.14,0.15,0.15,0.14,0.15,0.0,0.14,0.15,0.00,
10/03/2017,ALW,0.15,0.14,0.16,0.16,0.14,0.15,-0.01,0.14,0.15,"6,000.00",
09/03/2017,ALW,0.15,0.14,0.14,0.14,0.16,0.16,0.02,0.14,0.16,"2,000.00",
08/03/2017,ALW,0.15,0.14,0.14,0.14,0.14,0.14,0.0,0.14,0.15,0.00,
07/03/2017,ALW,0.15,0.14,0.14,0.14,0.14,0.14,0.0,0.14,0.15,0.00,
03/03/2017,ALW,0.15,0.14,0.14,0.14,0.14,0.14,0.0,0.14,0.15,0.00,
02/03/2017,ALW,0.15,0.14,0.14,0.14,0.14,0.14,0.0,0.14,0.16,0.00,
01/03/2017,ALW,0.15,0.14,0.14,0.14,0.14,0.14,0.0,0.14,0.15,0.00,
28/02/2017,ALW,0.15,0.14,0.14,0.14,0.14,0.14,0.0,0.14,,0.00,
27/02/2017,ALW,0.15,0.14,0.14,0.14,0.14,0.14,0.0,0.14,,0.00,
24/02/2017,ALW,0.15,0.14,0.14,0.14,0.14,0.14,0.0,0.14,,0.00,
23/02/2017,ALW,0.15,0.14,0.14,0.14,0.14,0.14,0.0,0.14,,0.00,
22/02/2017,ALW,0.15,0.14,0.14,0.14,0.14,0.14,0.0,0.14,,100.00,
21/02/2017,ALW,0.15,0.14,0.14,0.14,0.14,0.14,0.0,0.14,,0.00,
20/02/2017,ALW,0.15,0.14,0.14,0.14,0.14,0.14,0.0,0.14,,0.00,
17/02/2017,ALW,0.15,0.14,0.14,0.14,0.14,0.14,0.0,0.14,,0.00,
16/02/2017,ALW,0.15,0.14,0.14,0.14,0.14,0.14,0.0,0.14,,0.00,
15/02/2017,ALW,0.15,0.14,0.14,0.14,0.14,0.14,0.0,0.14,,0.00,
14/02/2017,ALW,0.15,0.14,0.14,0.14,0.14,0.14,0.0,0.14,,0.00,
13/02/2017,ALW,0.15,0.14,0.14,0.14,0.14,0.14,0.0,0.14,,0.00,
10/02/2017,ALW,0.15,0.14,0.14,0.14,0.14,0.14,0.0,0.14,,0.00,
09/02/2017,ALW,0.15,0.14,0.14,0.14,0.14,0.14,0.0,0.14,,0.00,
08/02/2017,ALW,0.15,0.14,0.14,0.14,0.14,0.14,0.0,0.14,,0.00,
07/02/2017,ALW,0.15,0.14,0.14,0.14,0.14,0.14,0.0,0.14,,0.00,
06/02/2017,ALW,0.15,0.14,0.14,0.14,0.14,0.14,0.0,0.14,,200.00,
03/02/2017,ALW,0.15,0.14,0.14,0.14,0.14,0.14,0.0,0.14,,0.00,
02/02/2017,ALW,0.15,0.14,0.14,0.14,0.14,0.14,0.0,0.14,,0.00,
01/02/2017,ALW,0.15,0.14,0.14,0.14,0.14,0.14,0.0,0.14,,300.00,
31/01/2017,ALW,0.15,0.14,0.14,0.14,0.14,0.14,0.0,0.14,,0.00,
30/01/2017,ALW,0.15,0.14,0.14,0.14,0.14,0.14,0.0,0.14,,0.00,
27/01/2017,ALW,0.15,0.14,0.14,0.14,0.14,0.14,0.0,0.14,,0.00,
26/01/2017,ALW,0.15,0.14,0.14,0.14,0.14,0.14,0.0,0.14,,0.00,
25/01/2017,ALW,0.15,0.14,0.14,0.14,0.14,0.14,0.0,0.14,,0.00,
24/01/2017,ALW,0.15,0.14,0.14,0.14,0.14,0.14,0.0,0.14,,0.00,
23/01/2017,ALW,0.15,0.14,0.14,0.14,0.14,0.14,0.0,0.14,,0.00,
20/01/2017,ALW,0.15,0.14,0.14,0.14,0.14,0.14,0.0,0.14,,0.00,
19/01/2017,ALW,0.15,0.14,0.14,0.14,0.14,0.14,0.0,0.14,,0.00,
18/01/2017,ALW,0.15,0.14,0.14,0.14,0.14,0.14,0.0,0.14,,0.00,
17/01/2017,ALW,0.15,0.14,0.14,0.14,0.14,0.14,0.0,0.14,,0.00,
16/01/2017,ALW,0.15,0.14,0.15,0.15,0.14,0.14,-0.01,0.14,,"48,900.00",
13/01/2017,ALW,0.15,0.14,0.15,0.15,0.15,0.15,0.0,,,0.00,
12/01/2017,ALW,0.15,0.14,0.15,0.15,0.15,0.15,0.0,,0.15,0.00,
11/01/2017,ALW,0.15,0.14,0.15,0.15,0.15,0.15,0.0,,,0.00,
10/01/2017,ALW,0.15,0.14,0.15,0.15,0.15,0.15,0.0,,,0.00,
09/01/2017,ALW,0.15,0.14,0.15,0.15,0.15,0.15,0.0,0.14,0.15,0.00,
06/01/2017,ALW,0.15,0.14,0.14,0.14,0.15,0.15,0.01,0.14,0.15,500.00,
05/01/2017,ALW,0.14,0.14,0.14,0.14,0.14,0.14,0.0,0.14,,0.00,
04/01/2017,ALW,0.14,0.14,0.14,0.14,0.14,0.14,0.0,0.14,,0.00,
03/01/2017,ALW,0.14,0.14,0.14,0.14,0.14,0.14,0.0,0.14,,0.00,
30/12/2016,ALW,0.14,0.07,0.14,0.14,0.14,0.14,0.0,,,0.00,
29/12/2016,ALW,0.14,0.07,0.14,0.14,0.14,0.14,0.0,,,0.00,
28/12/2016,ALW,0.14,0.07,0.14,0.14,0.14,0.14,0.0,,,0.00,
23/12/2016,ALW,0.14,0.07,0.14,0.14,0.14,0.14,0.0,,,0.00,
22/12/2016,ALW,0.14,0.07,0.14,0.14,0.14,0.14,0.0,0.14,,0.00,
21/12/2016,ALW,0.14,0.07,0.14,0.14,0.14,0.14,0.0,,0.14,0.00,
20/12/2016,ALW,0.14,0.07,0.14,0.14,0.14,0.14,0.0,0.14,,0.00,
19/12/2016,ALW,0.14,0.07,0.14,0.14,0.14,0.14,0.0,0.14,,0.00,
16/12/2016,ALW,0.14,0.07,0.14,0.14,0.14,0.14,0.0,,,0.00,
15/12/2016,ALW,0.14,0.07,0.14,0.14,0.14,0.14,0.0,,,0.00,
14/12/2016,ALW,0.14,0.07,0.14,0.14,0.14,0.14,0.0,,,0.00,
13/12/2016,ALW,0.14,0.07,0.14,0.14,0.14,0.14,0.0,,,0.00,
12/12/2016,ALW,0.14,0.07,0.14,0.14,0.14,0.14,0.0,,,0.00,
09/12/2016,ALW,0.14,0.07,0.14,0.14,0.14,0.14,0.0,,,0.00,
08/12/2016,ALW,0.14,0.07,0.14,0.14,0.14,0.14,0.0,,,0.00,
07/12/2016,ALW,0.14,0.07,0.14,0.14,0.14,0.14,0.0,0.14,,0.00,
06/12/2016,ALW,0.14,0.07,0.14,0.14,0.14,0.14,0.0,0.14,,"110,600.00",
05/12/2016,ALW,0.14,0.07,0.14,0.14,0.14,0.14,0.0,0.14,,0.00,
01/12/2016,ALW,0.14,0.07,0.14,0.14,0.14,0.14,0.0,0.14,,0.00,
30/11/2016,ALW,0.14,0.07,0.14,0.14,0.14,0.14,0.0,0.14,,0.00,
29/11/2016,ALW,0.14,0.07,0.14,0.14,0.14,0.14,0.0,0.14,,0.00,
28/11/2016,ALW,0.14,0.07,0.14,0.14,0.14,0.14,0.0,0.14,,0.00,
25/11/2016,ALW,0.14,0.07,0.14,0.14,0.14,0.14,0.0,0.14,,0.00,
24/11/2016,ALW,0.14,0.07,0.14,0.14,0.14,0.14,0.0,0.14,,"12,200.00",
23/11/2016,ALW,0.14,0.07,0.14,0.14,0.14,0.14,0.0,0.14,,"364,000.00",
22/11/2016,ALW,0.14,0.07,0.14,0.14,0.14,0.14,0.0,0.14,,0.00,
21/11/2016,ALW,0.14,0.07,0.14,0.14,0.14,0.14,0.0,0.14,,0.00,
18/11/2016,ALW,0.14,0.07,0.14,0.14,0.14,0.14,0.0,0.14,,"1,500.00",
17/11/2016,ALW,0.14,0.07,0.14,0.14,0.14,0.14,0.0,0.14,,0.00,
16/11/2016,ALW,0.14,0.07,0.14,0.14,0.14,0.14,0.0,0.14,,0.00,
15/11/2016,ALW,0.14,0.07,0.14,0.14,0.14,0.14,0.0,0.14,,0.00,
14/11/2016,ALW,0.14,0.07,0.14,0.14,0.14,0.14,0.0,0.14,,0.00,
11/11/2016,ALW,0.14,0.07,0.14,0.14,0.14,0.14,0.0,0.12,,0.00,
10/11/2016,ALW,0.14,0.07,0.14,0.14,0.14,0.14,0.0,0.12,,0.00,
09/11/2016,ALW,0.14,0.07,0.14,0.14,0.14,0.14,0.0,0.14,,"60,000.00",
08/11/2016,ALW,0.14,0.07,0.14,0.14,0.14,0.14,0.0,0.12,,0.00,
07/11/2016,ALW,0.14,0.07,0.14,0.14,0.14,0.14,0.0,0.12,,0.00,
04/11/2016,ALW,0.14,0.07,0.14,0.14,0.14,0.14,0.0,0.14,,0.00,
03/11/2016,ALW,0.14,0.07,0.14,0.14,0.14,0.14,0.0,0.14,,0.00,
02/11/2016,ALW,0.14,0.07,0.14,0.14,0.14,0.14,0.0,0.14,,0.00,
01/11/2016,ALW,0.14,0.07,0.14,0.14,0.14,0.14,0.0,0.14,,0.00,
31/10/2016,ALW,0.14,0.07,0.14,0.14,0.14,0.14,0.0,0.14,,0.00,
28/10/2016,ALW,0.14,0.07,0.14,0.14,0.14,0.14,0.0,0.14,,0.00,
27/10/2016,ALW,0.14,0.07,0.14,0.14,0.14,0.14,0.0,0.14,,0.00,
26/10/2016,ALW,0.14,0.07,0.14,0.14,0.14,0.14,0.0,0.14,,"4,000.00",
25/10/2016,ALW,0.14,0.07,0.14,0.14,0.14,0.14,0.0,0.14,,0.00,
24/10/2016,ALW,0.14,0.07,0.14,0.14,0.14,0.14,0.0,0.14,,0.00,
21/10/2016,ALW,0.14,0.07,0.14,0.14,0.14,0.14,0.0,0.14,,0.00,
20/10/2016,ALW,0.14,0.07,0.14,0.14,0.14,0.14,0.0,0.14,,0.00,
19/10/2016,ALW,0.14,0.07,0.14,0.14,0.14,0.14,0.0,0.14,,0.00,
18/10/2016,ALW,0.14,0.07,0.14,0.14,0.14,0.14,0.0,0.14,,0.00,
17/10/2016,ALW,0.14,0.07,0.14,0.14,0.14,0.14,0.0,0.14,,0.00,
14/10/2016,ALW,0.14,0.07,0.14,0.14,0.14,0.14,0.0,0.14,,0.00,
13/10/2016,ALW,0.14,0.07,0.14,0.14,0.14,0.14,0.0,0.14,,0.00,
12/10/2016,ALW,0.14,0.07,0.14,0.14,0.14,0.14,0.0,0.14,,"1,000.00",
11/10/2016,ALW,0.14,0.07,0.14,0.14,0.14,0.14,0.0,0.13,,0.00,
10/10/2016,ALW,0.14,0.07,0.14,0.14,0.14,0.14,0.0,0.14,,0.00,
07/10/2016,ALW,0.14,0.07,0.14,0.14,0.14,0.14,0.0,0.13,,0.00,
06/10/2016,ALW,0.14,0.07,0.14,0.14,0.14,0.14,0.0,0.14,,0.00,
05/10/2016,ALW,0.14,0.07,0.14,0.14,0.14,0.14,0.0,0.14,,0.00,
04/10/2016,ALW,0.14,0.07,0.14,0.14,0.14,0.14,0.0,,,0.00,
03/10/2016,ALW,0.14,0.07,0.13,0.13,0.14,0.14,0.01,0.14,,"1,000.00",
30/09/2016,ALW,0.14,0.07,0.13,0.13,0.13,0.13,0.0,,,0.00,
29/09/2016,ALW,0.14,0.07,0.13,0.13,0.13,0.13,0.0,,,0.00,
28/09/2016,ALW,0.14,0.07,0.13,0.13,0.13,0.13,0.0,0.13,,0.00,
27/09/2016,ALW,0.14,0.07,0.13,0.13,0.13,0.13,0.0,0.13,,0.00,
26/09/2016,ALW,0.14,0.07,0.13,0.13,0.13,0.13,0.0,0.13,,0.00,
23/09/2016,ALW,0.14,0.07,0.13,0.13,0.13,0.13,0.0,0.13,,0.00,
22/09/2016,ALW,0.14,0.07,0.13,0.13,0.13,0.13,0.0,0.13,,0.00,
20/09/2016,ALW,0.14,0.07,0.13,0.13,0.13,0.13,0.0,0.13,,0.00,
19/09/2016,ALW,0.14,0.07,0.13,0.13,0.13,0.13,0.0,0.13,,100.00,
16/09/2016,ALW,0.14,0.07,0.13,0.13,0.13,0.13,0.0,0.13,,0.00,
15/09/2016,ALW,0.14,0.07,0.13,0.14,0.13,0.13,0.0,0.13,,0.00,
14/09/2016,ALW,0.14,0.07,0.14,0.14,0.13,0.13,-0.01,0.14,,"3,600.00",
13/09/2016,ALW,0.14,0.07,0.13,0.13,0.13,0.14,0.01,0.14,,"8,000.00",
09/09/2016,ALW,0.14,0.07,0.13,0.13,0.13,0.13,0.0,0.12,,0.00,
08/09/2016,ALW,0.14,0.07,0.13,0.13,0.13,0.13,0.0,,0.12,0.00,
07/09/2016,ALW,0.14,0.07,0.13,0.13,0.13,0.13,0.0,0.12,,0.00,
06/09/2016,ALW,0.14,0.07,0.13,0.13,0.13,0.13,0.0,0.13,,0.00,
05/09/2016,ALW,0.14,0.07,0.13,0.13,0.13,0.13,0.0,0.12,,0.00,
02/09/2016,ALW,0.14,0.07,0.12,0.12,0.13,0.13,0.01,0.11,,"3,000.00",
01/09/2016,ALW,0.14,0.07,0.12,0.12,0.12,0.12,0.0,0.1,0.14,0.00,
31/08/2016,ALW,0.14,0.07,0.12,0.12,0.12,0.12,0.0,0.12,0.14,200.00,
30/08/2016,ALW,0.14,0.07,0.14,0.14,0.12,0.12,-0.02,0.12,,300.00,
29/08/2016,ALW,0.14,0.07,0.14,0.14,0.14,0.14,0.0,0.12,,0.00,
26/08/2016,ALW,0.14,0.07,0.14,0.14,0.14,0.14,0.0,0.12,,0.00,
25/08/2016,ALW,0.14,0.07,0.14,0.14,0.14,0.14,0.0,0.12,,"45,200.00",
24/08/2016,ALW,0.14,0.07,0.14,0.14,0.14,0.14,0.0,0.12,0.15,0.00,
23/08/2016,ALW,0.14,0.07,0.14,0.14,0.14,0.14,0.0,0.12,0.15,0.00,
22/08/2016,ALW,0.14,0.07,0.14,0.14,0.14,0.14,0.0,,0.15,0.00,
19/08/2016,ALW,0.14,0.07,0.14,0.14,0.14,0.14,0.0,,,0.00,
18/08/2016,ALW,0.14,0.07,0.14,0.14,0.14,0.14,0.0,0.13,,0.00,
17/08/2016,ALW,0.14,0.07,0.13,0.13,0.14,0.14,0.01,,,"51,500.00",
16/08/2016,ALW,0.14,0.07,0.13,0.13,0.13,0.13,0.0,0.12,,0.00,
15/08/2016,ALW,0.14,0.07,0.13,0.13,0.13,0.13,0.0,,,"2,000.00",
12/08/2016,ALW,0.14,0.07,0.14,0.14,0.13,0.13,-0.01,0.13,,"95,000.00",
11/08/2016,ALW,0.14,0.07,0.14,0.14,0.14,0.14,0.0,0.12,,0.00,
10/08/2016,ALW,0.14,0.07,0.14,0.14,0.14,0.14,0.0,0.12,,0.00,
09/08/2016,ALW,0.14,0.07,0.14,0.14,0.14,0.14,0.0,0.14,,0.00,
08/08/2016,ALW,0.14,0.07,0.14,0.14,0.14,0.14,0.0,0.12,,0.00,
05/08/2016,ALW,0.14,0.07,0.14,0.14,0.14,0.14,0.0,,,0.00,
04/08/2016,ALW,0.14,0.07,0.14,0.14,0.14,0.14,0.0,,,0.00,
03/08/2016,ALW,0.14,0.07,0.12,0.12,0.14,0.14,0.02,0.14,,"1,200.00",
02/08/2016,ALW,0.14,0.07,0.14,0.14,0.13,0.12,-0.02,,0.15,"31,000.00",
01/08/2016,ALW,0.14,0.07,0.14,0.14,0.14,0.14,0.0,0.12,0.14,0.00,
29/07/2016,ALW,0.14,0.07,0.14,0.14,0.14,0.14,0.0,0.12,0.14,0.00,
28/07/2016,ALW,0.14,0.07,0.14,0.14,0.14,0.14,0.0,,0.14,0.00,
27/07/2016,ALW,0.14,0.07,0.14,0.14,0.14,0.14,0.0,0.13,0.14,0.00,
26/07/2016,ALW,0.14,0.07,0.14,0.14,0.14,0.14,0.0,,0.15,"10,300.00",
25/07/2016,ALW,0.14,0.07,0.14,0.14,0.14,0.14,0.0,0.13,0.14,0.00,
22/07/2016,ALW,0.14,0.07,0.13,0.13,0.14,0.14,0.01,0.14,0.15,600.00,
21/07/2016,ALW,0.14,0.07,0.13,0.13,0.13,0.13,0.0,0.13,0.15,0.00,
20/07/2016,ALW,0.14,0.07,0.13,0.13,0.13,0.13,0.0,0.13,0.14,0.00,
19/07/2016,ALW,0.14,0.07,0.13,0.13,0.13,0.13,0.0,0.13,0.15,300.00,
18/07/2016,ALW,0.14,0.07,0.13,0.13,0.13,0.13,0.0,,0.15,0.00,
15/07/2016,ALW,0.14,0.07,0.13,0.13,0.13,0.13,0.0,,,0.00,
14/07/2016,ALW,0.14,0.07,0.13,0.13,0.13,0.13,0.0,,,0.00,
13/07/2016,ALW,0.14,0.07,0.13,0.13,0.13,0.13,0.0,,,0.00,
12/07/2016,ALW,0.14,0.07,0.13,0.11,0.13,0.13,0.0,,0.13,0.00,
11/07/2016,ALW,0.14,0.07,0.11,0.11,0.13,0.13,0.02,0.09,0.13,"10,000.00",
08/07/2016,ALW,0.14,0.07,0.1,0.1,0.11,0.11,0.01,0.09,0.11,"5,000.00",
07/07/2016,ALW,0.14,0.07,0.1,0.09,0.1,0.1,0.0,0.09,0.12,0.00,
05/07/2016,ALW,0.14,0.07,0.09,0.09,0.1,0.1,0.01,0.09,,500.00,
04/07/2016,ALW,0.14,0.07,0.09,0.09,0.09,0.09,0.0,0.1,,0.00,
30/06/2016,ALW,0.14,0.07,0.09,0.09,0.09,0.09,0.0,,,0.00,
29/06/2016,ALW,0.14,0.07,0.09,0.09,0.09,0.09,0.0,0.1,,0.00,
28/06/2016,ALW,0.14,0.07,0.09,0.09,0.09,0.09,0.0,0.1,,0.00,
27/06/2016,ALW,0.14,0.07,0.09,0.09,0.09,0.09,0.0,0.1,,0.00,
24/06/2016,ALW,0.14,0.07,0.11,0.11,0.09,0.09,-0.02,0.09,0.13,"3,000.00",
23/06/2016,ALW,0.14,0.07,0.11,0.11,0.11,0.11,0.0,0.1,0.13,0.00,
22/06/2016,ALW,0.14,0.07,0.11,0.11,0.11,0.11,0.0,0.1,,0.00,
21/06/2016,ALW,0.14,0.07,0.11,0.11,0.11,0.11,0.0,0.09,,0.00,
20/06/2016,ALW,0.14,0.07,0.11,0.11,0.11,0.11,0.0,0.09,,0.00,
17/06/2016,ALW,0.14,0.07,0.11,0.11,0.11,0.11,0.0,0.1,,0.00,
16/06/2016,ALW,0.14,0.07,0.11,0.11,0.11,0.11,0.0,0.1,0.11,"1,800.00",
15/06/2016,ALW,0.14,0.07,0.11,0.11,0.11,0.11,0.0,0.09,,0.00,
14/06/2016,ALW,0.14,0.07,0.11,0.11,0.11,0.11,0.0,0.09,,0.00,
13/06/2016,ALW,0.14,0.07,0.11,0.11,0.11,0.11,0.0,0.09,,0.00,
10/06/2016,ALW,0.14,0.07,0.11,0.11,0.11,0.11,0.0,0.11,,0.00,
09/06/2016,ALW,0.14,0.07,0.1,0.1,0.11,0.11,0.01,0.11,0.12,"2,000.00",
08/06/2016,ALW,0.14,0.07,0.1,0.1,0.1,0.1,0.0,0.1,,0.00,
07/06/2016,ALW,0.14,0.07,0.09,0.09,0.1,0.1,0.01,0.1,,"3,200.00",
06/06/2016,ALW,0.14,0.07,0.09,0.09,0.09,0.09,0.0,0.09,,0.00,
03/06/2016,ALW,0.14,0.07,0.1,0.09,0.09,0.09,-0.01,0.09,,"8,100.00",
02/06/2016,ALW,0.14,0.07,0.1,0.09,0.09,0.1,0.0,0.09,,0.00,
01/06/2016,ALW,0.14,0.07,0.09,0.09,0.09,0.1,0.01,0.1,,"1,500.00",
31/05/2016,ALW,0.14,0.07,0.09,0.09,0.09,0.09,0.0,0.09,,0.00,
30/05/2016,ALW,0.14,0.07,0.09,0.09,0.09,0.09,0.0,0.09,,0.00,
27/05/2016,ALW,0.14,0.07,0.09,0.09,0.09,0.09,0.0,0.09,,0.00,
26/05/2016,ALW,0.14,0.07,0.09,0.09,0.09,0.09,0.0,0.09,,0.00,
24/05/2016,ALW,0.14,0.07,0.09,0.09,0.09,0.09,0.0,0.09,,0.00,
23/05/2016,ALW,0.14,0.07,0.09,0.09,0.09,0.09,0.0,0.09,,0.00,
20/05/2016,ALW,0.14,0.07,0.09,0.09,0.09,0.09,0.0,0.09,,0.00,
19/05/2016,ALW,0.14,0.07,0.09,0.09,0.09,0.09,0.0,0.09,0.1,0.00,
18/05/2016,ALW,0.14,0.07,0.09,0.09,0.09,0.09,0.0,0.09,,0.00,
17/05/2016,ALW,0.14,0.07,0.09,0.09,0.09,0.09,0.0,0.09,,0.00,
16/05/2016,ALW,0.14,0.07,0.09,0.09,0.09,0.09,0.0,0.09,,0.00,
13/05/2016,ALW,0.14,0.07,0.09,0.09,0.09,0.09,0.0,0.09,,0.00,
12/05/2016,ALW,0.14,0.07,0.09,0.09,0.09,0.09,0.0,0.09,,0.00,
11/05/2016,ALW,0.14,0.07,0.09,0.09,0.09,0.09,0.0,0.09,,0.00,
10/05/2016,ALW,0.14,0.07,0.09,0.09,0.09,0.09,0.0,0.09,,"9,000.00",
09/05/2016,ALW,0.14,0.07,0.09,0.09,0.09,0.09,0.0,0.09,,0.00,
06/05/2016,ALW,0.14,0.07,0.09,0.09,0.09,0.09,0.0,0.09,,0.00,
05/05/2016,ALW,0.14,0.07,0.09,0.09,0.09,0.09,0.0,0.09,,300.00,
04/05/2016,ALW,0.14,0.07,0.09,0.09,0.09,0.09,0.0,0.09,,0.00,
