Daily Date,Share Code,Year High (GH¢),Year Low (GH¢),Previous Closing Price - VWAP (GH¢),Opening Price (GH¢),Last Transaction Price (GH¢),Closing Price - VWAP (GH¢),Price Change (GH¢),Closing Bid Price (GH¢),Closing Offer Price (GH¢),Total Shares Traded,Total Value Traded (GH¢)
01/07/2026,FAB,8.4,7.71,8.4,8.4,8.4,8.4,0.0,8.4,,0,0.00
30/06/2026,FAB,8.4,7.71,8.4,8.4,8.4,8.4,0.0,8.4,,0,0.00
29/06/2026,FAB,8.4,7.71,8.4,8.4,8.4,8.4,0.0,8.4,,0,0.00
26/06/2026,FAB,8.4,7.71,8.4,8.4,8.4,8.4,0.0,8.4,,0,0.00
25/06/2026,FAB,8.4,7.71,8.4,8.4,8.4,8.4,0.0,8.4,,0,0.00
24/06/2026,FAB,8.4,7.71,8.4,8.4,8.4,8.4,0.0,8.4,,0,0.00
23/06/2026,FAB,8.4,7.71,8.4,8.4,8.4,8.4,0.0,,,428,"3,595.20"
22/06/2026,FAB,8.4,7.71,8.4,8.4,8.4,8.4,0.0,,,0,0.00
19/06/2026,FAB,8.4,7.71,8.4,8.4,8.4,8.4,0.0,,,0,0.00
18/06/2026,FAB,8.4,7.71,8.4,8.4,8.4,8.4,0.0,,,0,0.00
17/06/2026,FAB,8.4,7.71,8.4,8.4,8.4,8.4,0.0,,,0,0.00
16/06/2026,FAB,8.4,7.71,7.97,7.97,8.4,8.4,0.43,7.97,,"8,309","69,741.42"
15/06/2026,FAB,7.97,7.71,7.97,7.97,7.97,7.97,0.0,7.97,,0,0.00
12/06/2026,FAB,7.97,7.71,7.97,7.97,7.97,7.97,0.0,7.97,,0,0.00
11/06/2026,FAB,7.97,7.71,7.97,7.97,7.97,7.97,0.0,7.9,,0,0.00
10/06/2026,FAB,7.97,7.71,7.97,7.97,7.97,7.97,0.0,7.9,,0,0.00
09/06/2026,FAB,7.97,7.71,7.97,7.97,7.97,7.97,0.0,7.9,,0,0.00
08/06/2026,FAB,7.97,7.71,7.97,7.97,7.97,7.97,0.0,7.97,,0,0.00
05/06/2026,FAB,7.97,7.71,7.97,7.97,7.97,7.97,0.0,7.97,,0,0.00
04/06/2026,FAB,7.97,7.71,7.97,7.97,7.97,7.97,0.0,7.97,,36,286.92
03/06/2026,FAB,7.97,7.71,7.97,7.97,7.97,7.97,0.0,7.9,,0,0.00
02/06/2026,FAB,7.97,7.71,7.97,7.97,7.97,7.97,0.0,7.9,7.97,0,0.00
01/06/2026,FAB,7.97,7.71,7.97,7.97,7.97,7.97,0.0,7.9,7.97,100,797.00
29/05/2026,FAB,7.97,7.71,7.97,7.97,7.97,7.97,0.0,7.9,7.97,"16,836","134,182.92"
28/05/2026,FAB,7.97,7.71,7.97,7.97,7.97,7.97,0.0,7.97,,0,0.00
26/05/2026,FAB,7.97,7.71,7.97,7.97,7.97,7.97,0.0,7.97,8.5,0,0.00
25/05/2026,FAB,7.97,7.71,7.97,7.97,7.97,7.97,0.0,7.97,8.5,0,0.00
22/05/2026,FAB,7.97,7.71,7.97,7.97,7.97,7.97,0.0,7.97,,0,0.00
21/05/2026,FAB,7.97,7.71,7.97,7.97,7.97,7.97,0.0,7.97,,"13,000","103,610.00"
20/05/2026,FAB,7.97,7.71,7.97,7.97,7.97,7.97,0.0,7.97,,0,0.00
19/05/2026,FAB,7.97,7.71,7.97,7.97,7.97,7.97,0.0,7.97,,0,0.00
18/05/2026,FAB,7.97,7.71,7.97,7.97,7.97,7.97,0.0,7.84,,0,0.00
15/05/2026,FAB,7.97,7.71,7.97,7.97,7.97,7.97,0.0,7.84,,0,0.00
14/05/2026,FAB,7.97,7.71,7.97,7.97,7.97,7.97,0.0,7.84,,0,0.00
13/05/2026,FAB,7.97,7.71,7.97,7.97,7.97,7.97,0.0,7.84,,0,0.00
12/05/2026,FAB,7.97,7.71,7.97,7.97,7.97,7.97,0.0,7.84,,0,0.00
11/05/2026,FAB,7.97,7.71,7.97,7.97,7.97,7.97,0.0,7.84,,0,0.00
08/05/2026,FAB,7.97,7.71,7.97,7.97,7.97,7.97,0.0,7.84,,0,0.00
07/05/2026,FAB,7.97,7.71,7.97,7.97,7.97,7.97,0.0,7.84,,0,0.00
06/05/2026,FAB,7.97,7.71,7.97,7.97,7.97,7.97,0.0,7.97,,0,0.00
05/05/2026,FAB,7.97,7.71,7.97,7.97,7.97,7.97,0.0,7.97,,0,0.00
04/05/2026,FAB,7.97,7.71,7.97,7.97,7.97,7.97,0.0,7.97,,0,0.00
30/04/2026,FAB,7.97,7.71,7.97,7.97,7.97,7.97,0.0,7.97,,0,0.00
29/04/2026,FAB,7.97,7.71,7.97,7.97,7.97,7.97,0.0,7.97,,0,0.00
28/04/2026,FAB,7.97,7.71,7.97,7.97,7.97,7.97,0.0,7.84,,0,0.00
27/04/2026,FAB,7.97,7.71,7.97,7.97,7.97,7.97,0.0,,,0,0.00
24/04/2026,FAB,7.97,7.71,7.97,7.97,7.97,7.97,0.0,7.97,,0,0.00
23/04/2026,FAB,7.97,7.71,7.97,7.97,7.97,7.97,0.0,,,0,0.00
22/04/2026,FAB,7.97,7.71,7.97,7.97,7.97,7.97,0.0,7.97,,0,0.00
21/04/2026,FAB,7.97,7.71,7.97,7.97,7.97,7.97,0.0,,,0,0.00
20/04/2026,FAB,7.97,7.71,7.97,7.97,7.97,7.97,0.0,,,0,0.00
17/04/2026,FAB,7.97,7.71,7.97,7.97,7.97,7.97,0.0,,,0,0.00
16/04/2026,FAB,7.97,7.71,7.97,7.97,7.97,7.97,0.0,,,0,0.00
15/04/2026,FAB,7.97,7.71,7.97,7.97,7.97,7.97,0.0,,,0,0.00
14/04/2026,FAB,7.97,7.71,7.97,7.97,7.97,7.97,0.0,,,0,0.00
13/04/2026,FAB,7.97,7.71,7.97,7.97,7.97,7.97,0.0,,,0,0.00
10/04/2026,FAB,7.97,7.71,7.97,7.97,7.97,7.97,0.0,7.84,,0,0.00
09/04/2026,FAB,7.97,7.71,7.84,7.84,7.97,7.97,0.13,7.84,,"100,000","797,000.00"
08/04/2026,FAB,7.84,7.71,7.84,7.84,7.84,7.84,0.0,,,0,0.00
07/04/2026,FAB,7.84,7.71,7.84,7.84,7.84,7.84,0.0,,,0,0.00
02/04/2026,FAB,7.84,7.71,7.84,7.84,7.84,7.84,0.0,,,0,0.00
01/04/2026,FAB,7.84,7.71,7.84,7.84,7.84,7.84,0.0,,,0,0.00
31/03/2026,FAB,7.84,7.71,7.84,7.84,7.84,7.84,0.0,,,0,0.00
30/03/2026,FAB,7.84,7.71,7.84,7.84,8.62,7.84,0.0,,,"1,195","10,300.90"
27/03/2026,FAB,7.84,7.71,7.84,7.84,7.84,7.84,0.0,7.84,,0,0.00
26/03/2026,FAB,7.84,7.71,7.84,7.84,7.84,7.84,0.0,7.84,,0,0.00
25/03/2026,FAB,7.84,7.71,7.84,7.84,7.84,7.84,0.0,7.84,,0,0.00
24/03/2026,FAB,7.84,7.71,7.84,7.84,7.84,7.84,0.0,,,0,0.00
19/03/2026,FAB,7.84,7.71,7.84,7.84,7.84,7.84,0.0,,,0,0.00
18/03/2026,FAB,7.84,7.71,7.84,7.84,7.84,7.84,0.0,7.84,,0,0.00
17/03/2026,FAB,7.84,7.71,7.84,7.84,7.84,7.84,0.0,,,0,0.00
16/03/2026,FAB,7.84,7.71,7.84,7.84,7.84,7.84,0.0,,,0,0.00
13/03/2026,FAB,7.84,7.71,7.84,7.84,7.84,7.84,0.0,7.84,,0,0.00
12/03/2026,FAB,7.84,7.71,7.84,7.84,7.84,7.84,0.0,,,0,0.00
11/03/2026,FAB,7.84,7.71,7.84,7.84,7.84,7.84,0.0,,,0,0.00
10/03/2026,FAB,7.84,7.71,7.84,7.84,7.84,7.84,0.0,,,0,0.00
09/03/2026,FAB,7.84,7.71,7.84,7.84,7.84,7.84,0.0,,,0,0.00
05/03/2026,FAB,7.84,7.71,7.84,7.84,7.84,7.84,0.0,,,0,0.00
04/03/2026,FAB,7.84,7.71,7.84,7.84,7.84,7.84,0.0,,,0,0.00
03/03/2026,FAB,7.84,7.71,7.84,7.84,7.84,7.84,0.0,,,0,0.00
02/03/2026,FAB,7.84,7.71,7.84,7.84,7.84,7.84,0.0,,,0,0.00
27/02/2026,FAB,7.84,7.71,7.84,7.84,7.84,7.84,0.0,,,0,0.00
26/02/2026,FAB,7.84,7.71,7.84,7.84,7.84,7.84,0.0,,,0,0.00
25/02/2026,FAB,7.84,7.71,7.84,7.84,7.84,7.84,0.0,,,0,0.00
24/02/2026,FAB,7.84,7.71,7.82,7.82,7.84,7.84,0.02,,,"1,000","7,840.00"
23/02/2026,FAB,7.82,7.71,7.82,7.82,7.82,7.82,0.0,,,0.0000,0.0000
20/02/2026,FAB,7.82,7.71,7.82,7.82,7.82,7.82,0.0,7.82,,0.0000,0.0000
19/02/2026,FAB,7.82,7.71,7.82,7.82,7.82,7.82,0.0,7.82,,0.0000,0.0000
18/02/2026,FAB,7.82,7.71,7.8,7.8,7.82,7.82,0.02,7.82,,1.0000,7.0000
17/02/2026,FAB,7.8,7.71,7.8,7.8,7.8,7.8,0.0,7.81,,0.0000,0.0000
16/02/2026,FAB,7.8,7.71,7.8,7.8,7.8,7.8,0.0,,,0.0000,0.0000
13/02/2026,FAB,7.8,7.71,7.8,7.8,7.8,7.8,0.0,,,0.0000,0.0000
12/02/2026,FAB,7.8,7.71,7.8,7.8,7.8,7.8,0.0,,,0.0000,0.0000
11/02/2026,FAB,7.8,7.71,7.8,7.8,7.8,7.8,0.0,,,0.0000,0.0000
10/02/2026,FAB,7.8,7.71,7.78,7.78,7.8,7.8,0.02,,,3.0000,23.0000
09/02/2026,FAB,7.78,7.71,7.78,7.78,7.78,7.78,0.0,,,0.0000,0.0000
06/02/2026,FAB,7.78,7.71,7.78,7.78,7.78,7.78,0.0,,,0.0000,0.0000
05/02/2026,FAB,7.78,7.71,7.78,7.78,7.78,7.78,0.0,,,0.0000,0.0000
04/02/2026,FAB,7.78,7.71,7.78,7.78,7.78,7.78,0.0,,,0.0000,0.0000
03/02/2026,FAB,7.78,7.71,7.78,7.78,7.78,7.78,0.0,,,0.0,0.0
02/02/2026,FAB,7.78,7.71,7.78,7.78,7.78,7.78,0.0,,,0.0,0.0
30/01/2026,FAB,7.78,7.71,7.78,7.78,7.78,7.78,0.0,7.78,,0.0,0.0
29/01/2026,FAB,7.78,7.71,7.78,7.78,7.78,7.78,0.0,7.78,,0.0,0.0
28/01/2026,FAB,7.78,7.71,7.78,7.78,7.78,7.78,0.0,7.78,,0.0,0.0
27/01/2026,FAB,7.78,7.71,7.78,7.78,7.78,7.78,0.0,7.78,,0.0,0.0
26/01/2026,FAB,7.78,7.71,7.78,7.78,7.78,7.78,0.0,7.78,,0.00,0.00
23/01/2026,FAB,7.78,7.71,7.78,7.78,7.78,7.78,0.0,7.78,,0.00,0.00
22/01/2026,FAB,7.78,7.71,7.78,7.78,7.78,7.78,0.0,7.78,,1.00,15.00
21/01/2026,FAB,7.78,7.71,7.77,7.77,7.78,7.78,0.01,7.78,,37.00,292.00
20/01/2026,FAB,7.77,7.71,7.77,7.77,7.77,7.77,0.0,7.78,,0.00,0.00
19/01/2026,FAB,7.77,7.71,7.77,7.77,7.77,7.77,0.0,7.78,,0.00,0.00
08/01/2026,FAB,7.71,7.71,7.71,7.71,7.71,7.71,0.0,7.76,8.48,805.00,"6,826.40"
14/01/2026,FAB,7.71,7.71,7.71,7.71,7.71,7.71,0.0,7.76,0.0,0.00,
15/01/2026,FAB,7.77,7.71,7.71,7.71,7.77,7.77,0.06,7.76,0.0,"2,739.00","21,282.03"
16/01/2026,FAB,7.77,7.71,7.77,7.77,7.77,7.77,0.0,7.77,0.0,0.00,0.00
07/01/2026,FAB,7.71,7.71,7.71,7.71,7.71,7.71,0.0,7.76,8.48,0.00,0.00
06/01/2026,FAB,7.71,7.71,7.71,7.71,7.71,7.71,0.0,7.75,0.0,0.00,0.00
05/01/2026,FAB,7.71,7.71,7.71,7.71,7.71,7.71,0.0,7.74,0.0,0.00,0.00
02/01/2026,FAB,7.71,7.71,7.71,7.71,7.71,7.71,0.0,0.0,0.0,0.00,0.00
31/12/2025,FAB,7.71,7.3,7.71,7.71,7.71,7.71,0.0,0.0,0.0,0.00,0.00
30/12/2025,FAB,7.71,7.3,7.71,7.71,7.71,7.71,0.0,7.72,0.0,0.00,0.00
29/12/2025,FAB,7.71,7.3,7.71,7.71,7.71,7.71,0.0,7.72,0.0,"5,772.00","44,502.12"
24/12/2025,FAB,7.71,7.3,7.71,7.71,7.71,7.71,0.0,7.72,0.0,0.00,0.00
23/12/2025,FAB,7.71,7.3,7.7,7.7,7.71,7.71,0.01,7.71,0.0,"63,269.00","487,803.99"
22/12/2025,FAB,7.7,7.3,7.7,7.7,7.7,7.7,0.0,7.7,0.0,0.00,0.00
19/12/2025,FAB,7.7,7.3,7.3,7.3,7.7,7.7,0.4,0.0,0.0,"2,200.00","16,940.00"
